{"cameraMode":{"drawMode":0,"name":"Shaded","section":"Shading Mode"},"sceneLighting":false,"audioPlay":false,"sceneViewState":{"showFog":true,"showMaterialUpdate":false,"showSkybox":true,"showFlares":true,"showImageEffects":true,"showParticleSystems":true},"in2DMode":false,"pivot":{"x":-0.1397041529417038,"y":-0.14949214458465577,"z":-0.2429840862751007},"rotation":{"x":-0.3310201168060303,"y":0.24891133606433869,"z":-0.09088212996721268,"w":-0.9056541323661804},"size":3.280548334121704,"orthographic":false}