{"cameraMode":{"drawMode":0,"name":"Shaded","section":"Shading Mode"},"sceneLighting":false,"audioPlay":false,"sceneViewState":{"showFog":true,"showMaterialUpdate":false,"showSkybox":true,"showFlares":true,"showImageEffects":true,"showParticleSystems":true},"in2DMode":false,"pivot":{"x":0.25999999046325686,"y":4.400000095367432,"z":0.9599999785423279},"rotation":{"x":0.5226389169692993,"y":-0.14329837262630464,"z":0.08952448517084122,"w":0.8356432318687439},"size":2.0641491413116457,"orthographic":false}