{"cameraMode":{"drawMode":0,"name":"Shaded","section":"Shading Mode"},"sceneLighting":true,"audioPlay":false,"sceneViewState":{"showFog":true,"showMaterialUpdate":false,"showSkybox":true,"showFlares":true,"showImageEffects":true,"showParticleSystems":true},"in2DMode":false,"pivot":{"x":-3.281980514526367,"y":2.0216097831726076,"z":-0.13122797012329102},"rotation":{"x":-0.011672940105199814,"y":0.9832124710083008,"z":-0.16917002201080323,"w":-0.06736870110034943},"size":6.15236759185791,"orthographic":false}