{"cameraMode":{"drawMode":0,"name":"Shaded","section":"Shading Mode"},"sceneLighting":false,"audioPlay":false,"sceneViewState":{"showFog":true,"showMaterialUpdate":false,"showSkybox":true,"showFlares":true,"showImageEffects":true,"showParticleSystems":true},"in2DMode":false,"pivot":{"x":-5.590000152587891,"y":1.5499999523162842,"z":2.256549119949341},"rotation":{"x":0.5226389169692993,"y":-0.14329837262630464,"z":0.08952448517084122,"w":0.8356432318687439},"size":0.7000359892845154,"orthographic":false}